,mean_return,volatility,sharpe_ratio,max_drawdown
LASSO,-0.004270019391400233,0.033623135987961246,-0.12699646436694997,-0.5334268799810992
ElasticNet,-0.004270019391400233,0.033623135987961246,-0.12699646436694997,-0.5334268799810992
PCR,0.0007209667574594634,0.02992561716937603,0.024091959520128287,-0.1933438841566701
PLS,-0.00047627444215936235,0.03180858911497763,-0.014973139501339914,-0.41232477943464363
RandomForest,-0.0020650168177623993,0.03139874041530366,-0.06576750501609026,-0.2685071855970828
GBM,0.0013679574179491537,0.030887695635954227,0.04428810209968559,-0.30732362339900876
XGBoost,0.001370694948165054,0.030803211026869132,0.04449844358659295,-0.20016994411767103
LightGBM,-0.001120132567906358,0.0294329094630323,-0.03805714719821509,-0.27393381562823
